{"car_inventory":[{"price":20123,"vehicle_model":"Explorer","vehicle_type":"suv","dealership_id":"12513","vehicle_manufacturer":"Ford","vehicle_id":"48934j","acquisition_date":1515354694451},{"price":50444,"vehicle_model":"Model 3","vehicle_type":"sedan","dealership_id":"12513","vehicle_manufacturer":"Tesla","vehicle_id":"83883","acquisition_date":1515354694451},{"price":70444,"vehicle_model":"Silverado","vehicle_type":"pickup","dealership_id":"12513","vehicle_manufacturer":"Chevy","vehicle_id":"89343883","acquisition_date":1515354694451},{"price":49889,"vehicle_model":"Supra","vehicle_type":"sports car","dealership_id":"77338","vehicle_manufacturer":"Toyota","vehicle_id":"229393","acquisition_date":1515354694451},{"price":230.0,"vehicle_model":"ffdfd","vehicle_type":"honda","dealership_id":12,"vehicle_manufacturer":"fdfdd","vehicle_id":12548,"acquisition_date":"Fri Sep 16 12:32:47 CDT 2022"},{"price":65985.0,"vehicle_model":"Explorer","vehicle_type":"suv","dealership_id":4514,"vehicle_manufacturer":"Ford","vehicle_id":2516,"acquisition_date":"fsds"},{"price":959.0,"vehicle_model":"dssd","vehicle_type":"suv","dealership_id":95959,"vehicle_manufacturer":"adss","vehicle_id":9595,"acquisition_date":"dsdsds"}]}